trial_id,ph,ec_ms_cm,water_temp_c,dissolved_oxygen_mg_l,photoperiod_h,ppfd_umol_m2_s,nitrogen_ppm,yield_g_per_plant
T01,5.5,1.2,21.0,6.8,14,300,150,28.4
T02,6.0,1.5,21.5,7.1,14,320,170,41.2
T03,6.5,1.8,22.0,7.4,14,350,190,38.9
T04,7.0,2.0,23.0,6.5,12,280,200,31.7
T05,6.2,1.6,20.5,7.8,16,380,180,44.6
T06,5.8,1.4,19.0,7.9,14,300,160,35.1
T07,6.3,1.7,21.8,6.9,15,340,175,40.8
T08,5.4,1.1,24.5,5.8,12,250,140,22.9
T09,6.8,1.9,25.0,6.2,16,400,210,33.5
T10,6.1,1.6,20.0,8.1,14,360,185,45.3
T11,5.9,1.5,22.5,7.0,13,310,165,36.7
T12,6.4,1.8,19.5,7.6,15,370,195,43.1
